fin_year,district,registered_hh,registered_persons,jobcards_deleted_hh,jobcards_deleted_persons,jobcards_added_hh,jobcards_added_persons,jobcards_cum_sc,jobcards_cum_st, jobcards_cum_others,jobcards_cum_total,employment_demanded_hh,employment_demanded_persons,employment_offered_hh,employment_offered_persons,employment_availed_hh,employment_availed_persons,employment_availed_total_persondays,employment_availed_persondays_of_central_liability,employment_availed_persondays_of_states_liability,num_families_completed_100_days,num_hh_beneficiary_land reform,num_disabled_beneficiary_individuals
2024-25,AGRA ,184268,259775,321,715,15178,24195,52602,809,130855,184266,90084,113300,90084,113298,84307,104916,4539174,4539174,0,9510,0,143
2024-25,ALIGARH ,190147,242551,708,1363,13376,28223,46431,278,143438,190147,84785,97692,84779,97685,74436,84185,3138468,3138468,0,4736,0,163
2024-25,AMBEDKAR NAGAR ,255901,335003,885,1423,28565,35504,88030,527,167333,255890,101528,115500,101527,115500,91651,102869,4272782,4272782,0,5208,0,128
2024-25,AMETHI ,226290,303369,1622,3233,11495,15250,64238,17,162034,226289,83002,95545,83001,95540,76607,87288,3917900,3917900,0,6237,0,207
2024-25,AMROHA ,146204,201983,2093,4626,6088,9441,35951,79,110171,146201,79161,96113,79158,96110,74574,89434,3550393,3550393,0,6490,0,121
2024-25,AURAIYA ,138452,171113,1202,1603,20759,24505,52597,492,85363,138452,72852,81605,72849,81603,68219,75849,3709134,3709134,0,5409,0,236
2024-25,AYODHYA ,224343,302351,612,1471,6305,9228,78043,347,145953,224343,89973,102337,89968,102327,84554,94903,4431117,4431117,0,7897,0,128
2024-25,AZAMGARH ,452047,611429,7311,9560,41201,131504,168250,1087,282706,452043,214103,233201,214080,233176,199580,215684,11259503,11259503,0,21721,0,124
2024-25,BAGHPAT ,17130,21057,86,110,865,1028,4178,20,12932,17130,1906,2120,1906,2120,1546,1707,37053,37053,0,18,0,5
2024-25,BAHRAICH ,427577,530075,1238,1867,45214,52206,84921,2238,340415,427574,209312,238512,209313,238512,197249,223788,11438029,11438029,0,26492,0,479
2024-25,BALLIA ,306570,383866,1545,2112,37517,45410,66944,11274,228335,306553,93604,104485,93602,104483,85459,94721,4056656,4056656,0,4015,0,283
2024-25,BALRAMPUR ,183067,256944,354,791,9712,18292,42395,3736,136936,183067,96229,106134,96230,106134,90588,99319,4988256,4988256,0,8742,0,301
2024-25,BANDA ,226672,355683,221,738,17581,25713,54050,50,172571,226671,74500,95792,74500,95793,67363,84720,3224643,3224643,0,4821,0,709
2024-25,BARABANKI ,368550,483660,510,1101,24125,32738,151863,202,216485,368550,148515,175925,148515,175924,140060,164776,8133204,8133204,0,20009,0,367
2024-25,BAREILLY ,276677,382520,1134,2399,17184,26592,56616,193,219865,276674,117237,144207,117237,144206,100631,120965,3961264,3961264,0,3625,0,479
2024-25,BASTI ,396049,498069,1392,2162,21720,28603,97098,73,298863,396034,223453,254492,223454,254490,212634,240858,13109548,13109548,0,26802,0,395
2024-25,BIJNOR ,265818,375794,1561,3002,15209,23902,101055,1121,163641,265817,145679,181126,145677,181121,129930,158632,4589508,4589508,0,4695,0,320
2024-25,BUDAUN ,233171,293239,1716,2391,19583,35892,43954,240,188976,233170,101063,112415,101062,112414,89962,98645,4286043,4286043,0,6342,0,651
2024-25,BULANDSHAHR ,81775,105294,1479,1964,8603,18761,16828,92,64855,81775,22898,24701,22898,24700,19950,21339,810827,810827,0,1263,0,89
2024-25,CHANDAULI ,202446,293618,1435,2552,27163,36571,54299,977,147170,202446,116883,153167,116864,153143,109839,142031,6600008,6600004,4,9204,0,241
2024-25,CHITRAKOOT ,142425,228798,245,717,10460,18086,54814,49,87560,142423,51350,70843,51350,70843,44303,58717,1956942,1956942,0,3517,0,331
2024-25,DEORIA ,216974,270827,665,1138,19894,45888,52070,7655,157248,216973,86315,92393,86293,92363,80157,85326,4202874,4202874,0,4985,0,156
2024-25,ETAH ,145126,183299,1519,2446,10706,15986,28001,71,117052,145124,61084,68037,61143,68096,54453,60057,3078783,3078783,0,6831,0,152
2024-25,ETAWAH ,136815,167846,962,1622,11846,15888,46156,184,90466,136806,53669,59656,53681,59662,48303,53227,2288511,2288511,0,4156,0,210
2024-25,FARRUKHABAD ,112001,141788,649,1078,5002,17327,27302,13,84684,111999,46695,50707,46695,50707,42516,45771,2203202,2203202,0,3251,0,116
2024-25,FATEHPUR ,262589,341330,1355,2092,17202,20268,93909,151,168528,262588,92469,101368,92470,101370,84774,92281,4163319,4163319,0,5288,0,224
2024-25,FIROZABAD ,156202,195418,1367,1587,22288,43471,40295,244,115662,156201,90221,94824,90215,94818,82783,86441,5276068,5276068,0,8860,0,378
2024-25,GAUTAM BUDDHA NAGAR ,3464,3954,0,0,0,0,831,21,2359,3211,0,0,0,0,0,0,0,0,0,0,0,0
2024-25,GHAZIABAD ,13424,19811,1770,3128,7,14,4103,75,9069,13247,2,4,2,4,2,4,144,144,0,0,0,0
2024-25,GHAZIPUR ,455725,592719,1497,2653,46184,61110,109923,4258,341528,455709,201594,235448,201593,235447,186369,215549,8744868,8744868,0,9017,0,425
2024-25,GONDA ,324426,412906,7430,8566,30940,76161,76468,441,247509,324418,106888,114862,106889,114862,97535,104089,4953785,4953785,0,7281,0,236
2024-25,GORAKHPUR ,338395,453272,665,1681,23065,58398,110176,430,227787,338393,144100,157699,144101,157699,135824,147499,7879501,7879501,0,21502,0,218
2024-25,HAMIRPUR ,174935,277235,526,1251,15767,23872,39946,101,134885,174932,85510,119512,85494,119476,82157,113071,5072317,5072317,0,9540,0,210
2024-25,HAPUR ,16299,19692,93,139,896,2763,6453,20,9825,16298,5725,6283,5725,6283,5517,6024,294287,294287,0,530,0,30
2024-25,HARDOI ,447997,595593,2503,3378,54503,113631,151667,630,295678,447975,184129,207401,184095,207362,170821,190815,9512545,9512545,0,22730,0,775
2024-25,HATHRAS ,80577,105215,193,377,4611,6581,25283,67,55226,80576,34375,41227,34375,41227,29116,34341,1193044,1193044,0,1806,0,60
2024-25,JALAUN ,226384,329429,639,1520,18901,25239,67423,111,158840,226374,147306,194650,147308,194646,137311,178747,8611480,8611480,0,15597,0,765
2024-25,JAUNPUR ,474809,636255,2269,4684,42912,157578,170922,54,303830,474806,218260,229670,218266,229676,201877,211268,11580320,11580320,0,27869,0,1197
2024-25,JHANSI ,188747,295062,329,1058,24570,39294,62880,1375,124492,188747,72419,98436,72414,98423,67487,90228,4048445,4048445,0,8737,0,1081
2024-25,KANNAUJ ,139200,177186,1134,1681,11560,16188,43137,22,96041,139200,65750,76448,65750,76448,59821,68374,2880587,2880587,0,4116,0,337
2024-25,KANPUR DEHAT ,151308,197362,307,739,13460,18637,56215,173,94919,151307,59274,69675,59273,69671,49510,56986,2188152,2188152,0,3006,0,196
2024-25,KANPUR NAGAR ,117211,158128,356,707,10081,14689,45107,1226,70874,117207,32732,38056,32732,38056,27655,31390,1154676,1154676,0,1714,0,118
2024-25,KASHGANJ ,113938,156395,169,343,3172,5866,24889,95,88952,113936,57636,67383,57655,67406,53751,62115,2163893,2163893,0,1182,0,426
2024-25,KAUSHAMBI ,139364,186500,3091,6459,11315,14058,58001,88,81270,139359,48947,57851,48947,57849,44337,51835,1977970,1977970,0,3271,0,213
2024-25,KHERI ,487892,689383,1026,2024,37229,70586,173215,8496,306176,487887,170735,209768,170735,209767,158820,192576,7640171,7640171,0,12692,0,599
2024-25,KUSHI NAGAR ,337365,451206,668,1338,28369,40316,82339,2404,252621,337364,126025,151752,126015,151738,118621,141296,5863566,5863566,0,8293,0,676
2024-25,LALITPUR ,187788,308794,591,1750,10008,18642,44116,14048,129624,187788,91272,131536,91272,131533,86863,122878,4465478,4465478,0,11845,0,242
2024-25,LUCKNOW ,115938,159489,178,501,2786,5455,69527,412,45999,115938,27083,31506,27083,31506,24446,27965,1024708,1024708,0,1927,0,115
2024-25,MAHARAJGANJ ,353069,499665,2193,5580,25485,35989,70978,1711,280378,353067,174693,212045,174694,212046,166992,200742,8316016,8316016,0,13735,0,468
2024-25,MAHOBA ,95868,164895,506,1861,17310,26962,27402,121,68345,95868,29598,41826,29601,41830,27285,37741,1478470,1478470,0,3377,0,270
2024-25,MAINPURI ,197074,252231,613,1043,14117,20010,49987,364,146720,197071,97601,114842,97645,114891,89880,104264,5618240,5618240,0,15842,0,213
2024-25,MATHURA ,135870,180268,705,1588,11217,13064,37847,280,97743,135870,68475,84230,68474,84227,61193,74806,3321577,3321577,0,6579,0,94
2024-25,MAU ,249658,353537,559,1011,8067,13956,83502,3428,162728,249658,100397,114701,100398,114704,92755,104894,4497169,4497169,0,6241,0,465
2024-25,MEERUT ,47893,56604,928,1134,2806,3317,19404,160,28329,47893,16355,17974,16356,17974,15079,16484,844045,844045,0,1484,0,52
2024-25,MIRZAPUR ,273115,394830,385,741,13074,18323,107944,2885,162281,273110,97690,124958,97690,124958,88671,111075,4164975,4164975,0,6725,0,462
2024-25,MORADABAD ,192755,257251,708,1127,15668,23159,36054,180,156496,192730,85790,102475,85771,102449,79287,93898,4224258,4224258,0,5502,0,329
2024-25,MUZAFFARNAGAR ,80108,100466,1879,2566,3861,9329,21248,157,58703,80108,21041,23775,21041,23775,19530,21932,1032111,1032111,0,1490,0,54
2024-25,PILIBHIT ,243680,366969,572,1976,31172,52292,42159,663,200853,243675,98401,122460,98396,122446,89950,109748,3236478,3236478,0,2963,0,634
2024-25,PRATAPGARH ,347529,444366,2594,3380,37485,87656,129159,729,217640,347528,131656,140760,131659,140763,121397,128563,7213887,7213887,0,34532,0,348
2024-25,PRAYAGRAJ ,439127,609962,1211,2283,45964,71660,180693,298,258119,439110,145355,177956,145352,177950,128715,154823,6111446,6111446,0,12298,0,478
2024-25,RAE BARELI ,301171,439326,660,2048,9036,15570,132806,224,168139,301169,96729,116015,96728,116015,87057,102316,3683894,3683894,0,6805,0,295
2024-25,RAMPUR ,170761,221145,923,1359,15962,29771,37691,116,132952,170759,89415,105412,89414,105407,83679,97611,4809765,4809765,0,8354,0,170
2024-25,SAHARANPUR ,162046,226388,1295,2541,4574,8668,73618,299,88126,162043,60655,73251,60654,73249,55249,65709,1966881,1966881,0,1974,0,20
2024-25,SAMBHAL ,144347,180225,1231,2618,11013,14215,38087,66,106192,144345,70402,81763,70402,81759,60781,70049,2661044,2661044,0,3179,0,75
2024-25,SANT KABEER NAGAR ,257048,327919,908,1707,27370,51098,80233,253,176555,257041,131254,144359,131254,144358,121405,132545,6381890,6381890,0,9134,0,323
2024-25,SANT RAVIDAS NAGAR ,118102,157323,725,1237,16356,22383,44785,362,72953,118100,44364,53279,44363,53276,39629,46779,1880142,1880142,0,3658,0,90
2024-25,SHAHJAHANPUR ,332936,442640,1482,2519,61962,80189,86119,149,246661,332929,114025,134409,114027,134410,102398,119258,4355593,4355593,0,7841,0,984
2024-25,SHAMLI ,45534,55198,196,292,3878,5346,6888,72,38556,45516,10723,12790,10716,12777,9462,11154,480481,480481,0,440,0,81
2024-25,SHRAVASTI ,122770,170676,482,833,8490,12465,32832,917,89021,122770,55465,67332,55464,67331,53182,63988,3162258,3162258,0,5522,0,251
2024-25,SIDDHARTH NAGAR ,364525,506374,4313,5794,15021,63943,78452,40,286025,364517,201155,221833,201152,221829,191650,210315,9919692,9919692,0,15010,0,282
2024-25,SITAPUR ,649370,918424,1619,4467,87546,123258,245873,688,402783,649344,218872,269169,218863,269153,200643,243998,10202677,10202677,0,17858,0,944
2024-25,SONBHADRA ,271977,414630,506,1699,19974,33251,80380,74103,117493,271976,113258,153244,113259,153245,100150,129943,4593534,4593534,0,9083,0,602
2024-25,SULTANPUR ,339485,477185,2646,3444,59415,80431,86946,746,251790,339482,153705,165822,153698,165814,143199,153568,7944855,7944855,0,13555,0,276
2024-25,UNNAO ,268427,347569,1444,2691,27357,48923,96144,492,171780,268416,82583,92560,82583,92560,74803,82972,3947222,3947222,0,6876,0,286
2024-25,VARANASI ,150021,216039,655,1089,17859,22320,47252,1160,101609,150021,53529,67022,53529,67021,47242,57741,1845676,1845676,0,615736,0,23842
2025-26,AGRA ,193859,274117,1183,2188,10639,22919,54695,831,138333,193859,82867,105227,82867,105226,77358,97458,3786513,3786513,0,4308,0,180
2025-26,ALIGARH ,186025,238313,11919,17025,7496,12898,44932,282,139205,184419,69679,80125,69678,80122,61111,69080,2258521,2258521,0,1726,0,138
2025-26,AMBEDKAR NAGAR ,270939,344571,16304,27448,30703,37195,90625,524,177453,268602,84334,94608,84330,94604,74026,82409,2902830,2902830,0,1387,0,119
2025-26,AMETHI ,247090,317831,20621,34040,40756,49054,67788,66,170904,238758,56193,63441,56191,63439,51254,57429,2307138,2307138,0,2032,0,132
2025-26,AMROHA ,142751,196096,5269,10318,2061,4195,35034,76,106707,141817,63415,75980,63412,75976,59302,70506,2114725,2114725,0,1685,0,108
2025-26,AURAIYA ,149036,198947,639,1188,10844,17276,55446,521,93003,148970,69225,77167,69216,77150,64222,70925,3185932,3185932,0,2117,0,143
2025-26,AYODHYA ,242348,323239,420,1159,18348,23885,81058,366,153793,235217,78738,88483,78736,88479,73117,81264,3167809,3167809,0,1864,0,103
2025-26,AZAMGARH ,457653,621355,16683,23944,22073,43615,167782,1140,282722,451644,165867,184190,165859,184179,154506,170262,8090699,8090699,0,10063,0,126
2025-26,BAGHPAT ,17540,21468,74,115,449,499,4265,20,13139,17424,1023,1118,1023,1118,873,941,14219,14219,0,1,0,9
2025-26,BAHRAICH ,523215,661225,27755,41689,122565,175482,86386,2866,362582,451834,163424,185352,163423,185351,153968,173862,7350377,7350377,0,6978,0,532
2025-26,BALLIA ,313847,398413,15469,21789,22290,46572,68269,11285,234092,313646,86592,97986,86587,97979,80718,90945,3610854,3610854,0,1818,0,256
2025-26,BALRAMPUR ,194850,273793,6119,11408,17650,59858,43029,3922,145026,191977,76547,84894,76547,84894,68012,74905,2671350,2671350,0,2483,0,283
2025-26,BANDA ,315183,478558,422,1884,88846,126556,65996,141,233382,299519,47221,63893,47216,63887,42948,57209,2007874,2007874,0,4057,0,389
2025-26,BARABANKI ,387381,504320,7983,13819,26680,35282,157090,270,224621,381981,118379,137500,118363,137475,107599,124325,5100803,5100803,0,4893,0,362
2025-26,BAREILLY ,291798,397629,3213,8153,18065,25700,58260,247,233284,291791,88196,105678,88196,105677,78229,91995,2573942,2573942,0,1351,0,353
2025-26,BASTI ,378507,471117,23383,36357,5688,12028,93344,89,285047,378480,173884,195048,173881,195045,164210,183358,7443343,7443343,0,5961,0,304
2025-26,BIJNOR ,261111,361601,15113,28766,10124,15828,99363,1066,159783,260212,133142,164334,133129,164314,117679,142595,3544340,3544340,0,2350,0,317
2025-26,BUDAUN ,238900,301592,6748,9893,12282,22444,44601,255,194038,238894,71192,78045,71191,78044,62011,67097,2471635,2471635,0,1839,0,386
2025-26,BULANDSHAHR ,96078,123114,490,618,14504,22866,19663,153,76262,96078,22139,23656,22139,23655,19677,20894,866618,866618,0,1033,0,98
2025-26,CHANDAULI ,216125,311154,3877,7520,16120,21984,56307,1100,158496,215903,127721,166352,127579,166141,121572,157020,7449792,7449792,0,6234,0,278
2025-26,CHITRAKOOT ,143968,229823,4016,9400,5509,9081,54175,50,88889,143114,35334,47564,35332,47563,30261,39482,1129364,1129364,0,747,0,211
2025-26,DEORIA ,218009,273729,8261,10852,9103,15027,51780,7651,156942,216373,73491,78838,73456,78797,67920,72613,2956547,2956547,0,1274,0,105
2025-26,ETAH ,143854,180785,10034,14579,8283,11383,27107,80,115682,142869,52239,57833,52248,57842,47664,52291,2465081,2465081,0,3559,0,168
2025-26,ETAWAH ,140048,171333,4031,6691,7017,10569,46390,185,92312,138887,44569,49212,44568,49211,40491,44343,1694302,1694302,0,1910,0,156
2025-26,FARRUKHABAD ,110333,140597,1951,2859,1588,5820,27076,14,83142,110232,35765,39679,35765,39679,33124,36402,1608388,1608388,0,1810,0,92
2025-26,FATEHPUR ,299240,387647,13909,19971,50134,82485,100622,296,191267,292185,57585,63373,57582,63370,51649,56497,2121989,2121989,0,1612,0,288
2025-26,FIROZABAD ,157451,202029,10549,13645,11550,23778,40204,251,116996,157451,86811,92037,86811,92037,79547,83566,4515985,4515985,0,4966,0,281
2025-26,GAUTAM BUDDHA NAGAR ,3464,4140,0,0,0,0,831,21,2359,3211,0,0,0,0,0,0,0,0,0,0,0,0
2025-26,GHAZIABAD ,13531,19977,9,20,111,155,4106,75,9098,13279,15,19,15,19,14,18,427,427,0,0,0,2
2025-26,GHAZIPUR ,475120,613519,7578,12355,26543,35459,113637,4438,355952,474027,179840,208607,179837,208602,167497,193091,7719792,7719792,0,3711,0,236
2025-26,GONDA ,365877,491794,9893,13529,50984,94713,80600,501,284751,365852,86419,93733,86416,93729,78949,85150,3925977,3925977,0,3005,0,253
2025-26,GORAKHPUR ,343366,460889,8192,13100,12987,36455,110610,446,229775,340831,127187,140280,127187,140277,119652,131045,5892563,5892563,0,10020,0,197
2025-26,HAMIRPUR ,182826,287155,2373,6080,9856,14926,41474,113,141170,182757,77028,106943,77025,106933,73490,100972,3996674,3996674,0,3618,0,202
2025-26,HAPUR ,16427,20144,579,716,691,1193,6393,21,9844,16258,4922,5562,4922,5562,4836,5455,250027,250027,0,335,0,18
2025-26,HARDOI ,447189,598732,21067,32091,19805,41753,150494,642,296052,447188,148491,168319,148475,168298,136839,153875,6552088,6552088,0,10934,0,782
2025-26,HATHRAS ,80118,104247,3147,4914,2629,4162,24881,70,55085,80036,30955,36763,30955,36763,25643,29948,917516,917516,0,695,0,70
2025-26,JALAUN ,232616,339814,1447,4519,7551,11838,68943,145,163428,232516,129712,168765,129711,168761,118816,152757,5949918,5949918,0,2412,0,637
2025-26,JAUNPUR ,491185,670281,11019,15818,27289,58307,175115,98,315537,490750,170933,183449,170923,183436,158353,168620,7969466,7969466,0,8526,0,757
2025-26,JHANSI ,201451,313514,1183,2923,13844,22492,66701,1454,132204,200359,61218,81797,61185,81746,56973,75161,3065780,3065780,0,4290,0,762
2025-26,KANNAUJ ,160097,207323,8978,12795,29402,43692,45536,87,114473,160096,55835,64279,55829,64273,50101,56804,2128310,2128310,0,1349,0,259
2025-26,KANPUR DEHAT ,167581,215454,791,1963,16994,20550,57822,200,100938,158960,40841,47090,40810,47049,33408,37660,1256227,1256227,0,717,0,170
2025-26,KANPUR NAGAR ,127134,172005,1328,2323,11098,16947,47425,1234,78443,127102,23602,26680,23601,26678,19113,21171,613151,613151,0,232,0,103
2025-26,KASHGANJ ,116046,160249,125,418,2205,3695,25362,101,90479,115942,50864,59190,50864,59191,47024,54181,1737042,1737042,0,1266,0,373
2025-26,KAUSHAMBI ,163360,210299,2327,4397,25952,28315,60151,103,87733,147987,39030,45942,39030,45942,34098,39847,1307314,1307314,0,1217,0,117
2025-26,KHERI ,559642,777200,4625,9677,75917,105048,191375,9909,358357,559641,143380,173262,143375,173252,130211,155276,5439573,5439573,0,6031,0,444
2025-26,KUSHI NAGAR ,360597,476640,7138,12647,29969,41411,85598,2866,267284,355748,111550,133591,111519,133555,104762,124729,4528655,4528655,0,2548,0,513
2025-26,LALITPUR ,197249,324274,1017,3235,10412,18249,46041,14561,135494,196096,87389,125511,87364,125463,81276,114506,3728910,3728910,0,7145,0,209
2025-26,LUCKNOW ,124038,169866,987,2563,9034,13882,71860,430,48822,121112,20035,22875,20036,22875,17032,19120,547252,547252,0,606,0,111
2025-26,MAHARAJGANJ ,358330,502333,5414,13142,10433,18801,71445,1717,285071,358233,145314,172253,145316,172252,138458,162860,5507094,5507094,0,4587,0,364
2025-26,MAHOBA ,100759,169363,2437,7633,7158,10537,28916,128,71668,100712,25703,35762,25705,35764,23158,31645,1078564,1078564,0,1279,0,198
2025-26,MAINPURI ,203148,260107,1044,1816,6973,10304,50908,379,151795,203082,94079,109196,94078,109191,88080,101127,5425065,5425065,0,9413,0,208
2025-26,MATHURA ,137467,182511,3210,5276,4443,5551,38566,283,98614,137463,61250,74532,61249,74530,56448,68426,2741858,2741858,0,4534,0,68
2025-26,MAU ,253978,360693,4785,7874,9088,55102,84415,3468,165978,253861,90076,105109,90075,105106,84135,97083,3678677,3678677,0,2259,0,547
2025-26,MEERUT ,47361,56667,2989,3666,2353,4406,18804,155,27550,46509,13429,14906,13429,14906,12145,13413,558969,558969,0,473,0,50
2025-26,MIRZAPUR ,307245,435830,1035,2769,35034,44412,113461,3031,172057,288549,74612,93862,74612,93862,65244,80023,2419121,2419121,0,1744,0,287
2025-26,MORADABAD ,200154,267481,2270,3736,9536,14967,36861,191,161359,198411,73434,86370,73434,86370,68123,79712,3158280,3158280,0,1779,0,267
2025-26,MUZAFFARNAGAR ,75382,96228,7917,10454,3007,9352,20007,148,55192,75347,13833,16394,13833,16394,12727,14954,453939,453939,0,257,0,16
2025-26,PILIBHIT ,277360,416464,1152,3455,34347,56493,46727,834,228261,275822,82571,99718,82566,99709,71582,85496,2110526,2110526,0,950,0,668
2025-26,PRATAPGARH ,403889,519802,2738,4291,64211,92816,134084,778,246823,381685,97172,103409,97173,103410,87061,92149,4209734,4209734,0,7864,0,337
2025-26,PRAYAGRAJ ,476516,659905,2750,5898,39929,57793,191035,356,283161,474552,115884,141726,115869,141705,97013,115507,3867713,3867713,0,4587,0,385
2025-26,RAE BARELI ,313547,454936,3286,8079,15563,23454,135283,255,173539,309077,74874,88199,74865,88183,66102,76451,2214514,2214514,0,1229,0,241
2025-26,RAMPUR ,181242,236905,3691,5602,14011,24833,38580,146,140406,179132,81218,95496,81214,95491,77191,90022,3994114,3994114,0,3079,0,152
2025-26,SAHARANPUR ,165960,230066,3486,6283,7265,11308,74339,304,91070,165713,56862,67984,56862,67983,51219,60452,1552779,1552779,0,993,0,23
2025-26,SAMBHAL ,145312,179725,6763,10371,7534,9683,37848,76,106061,143985,51597,58549,51582,58533,43046,48539,1337139,1337139,0,555,0,66
2025-26,SANT KABEER NAGAR ,255718,326063,9685,17208,8157,13502,78721,257,176733,255711,107930,117704,107929,117702,98387,106455,4309124,4309124,0,2596,0,259
2025-26,SANT RAVIDAS NAGAR ,136997,185700,688,1398,19364,29439,51653,385,84491,136529,34374,40760,34374,40760,29724,34745,1094473,1094473,0,1061,0,57
2025-26,SHAHJAHANPUR ,349426,465140,3212,6188,19453,32987,88197,168,260974,349339,100047,116592,100046,116589,91112,105134,3740428,3740428,0,4936,0,920
2025-26,SHAMLI ,48360,59304,37,50,2846,4271,7121,88,40534,47743,8492,10159,8488,10150,7194,8524,290944,290944,0,157,0,78
2025-26,SHRAVASTI ,146273,204072,389,964,23745,35338,34073,1020,94117,129210,46714,55987,46714,55987,44523,53125,2203596,2203596,0,1743,0,295
2025-26,SIDDHARTH NAGAR ,350325,487096,18855,27989,4628,42571,75788,45,274454,350287,168579,187557,168575,187550,159906,176847,6659817,6659817,0,3188,0,236
2025-26,SITAPUR ,708481,984011,15740,36577,74288,104739,264050,1035,443380,708465,184177,222435,184053,222261,165678,198373,7554365,7554365,0,5532,0,1070
2025-26,SONBHADRA ,320249,490460,2543,8223,50059,80001,89198,83756,146008,318962,88743,116028,88742,116026,78810,100282,2965459,2965459,0,2668,0,390
2025-26,SULTANPUR ,397147,551471,5152,12435,62548,156129,96414,891,290189,387494,125948,138064,125946,138059,117566,128322,6177578,6177578,0,3582,0,409
2025-26,UNNAO ,288695,381430,4738,8340,24749,43445,99108,616,184126,283850,68745,76362,68745,76362,62177,68452,3110506,3110506,0,4193,0,190
2025-26,VARANASI ,163862,233231,2624,4868,16222,22589,50393,1399,111332,163124,42522,52611,42521,52610,36954,44751,1245324,1245324,0,660,0,179
2026-27,AGRA ,193960,273515,34,54,848,1323,54661,828,138456,193945,41037,49554,41036,49553,29374,34670,666516,666516,0,0,0,68
2026-27,ALIGARH ,178705,226860,12,38,960,1346,43173,269,133037,176479,21886,24209,21845,24156,11243,11987,129012,129012,0,0,0,18
2026-27,AMBEDKAR NAGAR ,261774,329120,2710,4274,822,1063,88009,503,170865,259377,34420,37386,34340,37295,10465,11040,166219,166219,0,0,0,20
2026-27,AMETHI ,252966,321514,159,272,495,599,68482,90,173034,241606,19967,21614,19951,21594,12589,13437,266271,266271,0,0,0,23
2026-27,AMROHA ,139747,190403,1,6,114,280,34415,74,104238,138727,19253,21606,19230,21582,9885,10761,106613,106613,0,0,0,16
2026-27,AURAIYA ,147772,198297,6,18,1783,3329,54860,505,91389,146754,29615,31965,29509,31839,18188,19442,303255,303255,0,0,0,33
2026-27,AYODHYA ,245560,325004,0,0,433,745,80967,368,154539,235874,25873,27758,25873,27759,17221,18205,315006,315006,0,0,0,20
2026-27,AZAMGARH ,474337,641246,1004,1430,1604,2022,170290,1204,288801,460295,76149,81260,76145,81253,66453,70431,1520396,1520396,0,0,0,44
2026-27,BAGHPAT ,17664,21600,0,0,39,46,4274,20,13197,17491,387,415,387,415,279,292,1637,1637,0,0,0,2
2026-27,BAHRAICH ,519841,652692,1424,2116,1526,1751,84479,2813,357670,444962,52829,58089,52785,58042,32064,34759,720979,720979,0,0,0,104
2026-27,BALLIA ,323834,412947,25,43,1792,2790,68999,11341,239816,320156,28151,30366,28126,30338,16933,18039,338737,338737,0,0,0,97
2026-27,BALRAMPUR ,189533,269151,0,0,658,7375,41600,3831,140227,185658,23087,24964,23085,24962,10505,11052,144546,144546,0,0,0,40
2026-27,BANDA ,324266,485429,686,1498,1409,2128,66855,162,237987,305004,13423,16596,13422,16595,6953,8021,136568,136568,0,0,0,75
2026-27,BARABANKI ,413385,530489,810,1340,2030,2395,160657,287,230654,391598,38580,42397,38580,42394,27651,29867,559854,559854,0,0,0,62
2026-27,BAREILLY ,288230,388689,23,86,1241,1803,57615,249,229760,287624,26151,29208,26133,29183,17574,19163,264763,264763,0,0,0,87
2026-27,BASTI ,377942,470139,13,17,222,355,93175,93,284518,377786,50131,54073,50125,54065,41787,44893,856744,856744,0,0,0,68
2026-27,BIJNOR ,260642,356195,4353,8154,1713,2524,98740,1044,159211,258995,61793,71488,61789,71484,42518,47750,469996,469996,0,0,0,117
2026-27,BUDAUN ,237523,299556,2,7,434,789,44348,251,192657,237256,21236,22232,21235,22230,10997,11335,155145,155145,0,0,0,66
2026-27,BULANDSHAHR ,98024,125059,41,51,1055,1152,20174,164,77641,97979,9376,9808,9364,9796,6462,6683,96930,96930,0,0,0,25
2026-27,CHANDAULI ,219824,310454,23,49,1548,2162,56550,1115,159869,217534,44533,53963,44368,53764,31622,37744,512149,512149,0,0,0,55
2026-27,CHITRAKOOT ,157223,249946,15,103,833,1276,55273,61,94227,149561,8022,9740,7995,9700,4680,5345,62975,62975,0,0,0,49
2026-27,DEORIA ,222195,278639,2,6,470,681,51561,7629,155938,215128,22054,23001,22026,22967,13197,13648,242535,242535,0,0,0,36
2026-27,ETAH ,140141,174990,167,257,823,989,26428,82,112115,138625,20621,22160,20615,22153,14474,15336,308461,308461,0,0,0,41
2026-27,ETAWAH ,133626,161849,77,137,578,789,44691,176,87439,132306,15040,15979,15031,15969,9051,9448,125234,125234,0,0,0,44
2026-27,FARRUKHABAD ,116914,148666,31,61,410,649,26847,13,82704,109564,15047,16006,15044,16002,8603,8981,124539,124539,0,0,0,17
2026-27,FATEHPUR ,313748,406406,3391,4643,1002,5221,99871,323,192728,292922,13235,14144,13226,14135,8507,8979,167469,167469,0,0,0,49
2026-27,FIROZABAD ,160843,207920,13,22,3436,5000,40089,257,120231,160577,53830,55846,53830,55846,38616,39771,816094,816094,0,0,0,83
2026-27,GAUTAM BUDDHA NAGAR ,595,712,0,0,0,0,140,1,359,500,0,0,0,0,0,0,0,0,0,0,0,0
2026-27,GHAZIABAD ,13544,19989,0,0,1,2,4107,75,9097,13279,1,2,0,0,0,0,0,0,0,0,0,0
2026-27,GHAZIPUR ,484025,623590,15,55,3387,4038,115195,4505,361541,481241,86641,98141,86641,98141,59106,65966,1236498,1236498,0,0,0,82
2026-27,GONDA ,380252,518666,342,478,2383,3983,82012,504,297212,379728,29667,31397,29665,31395,20735,21781,512801,512801,0,0,0,77
2026-27,GORAKHPUR ,337035,451256,2,7,389,531,108578,422,224746,333746,44189,46624,44170,46600,32915,34431,617454,617454,0,0,0,45
2026-27,HAMIRPUR ,181880,282163,13,41,532,841,40878,113,138654,179645,31367,40853,31302,40736,20554,25797,318751,318751,0,0,0,67
2026-27,HAPUR ,16544,20463,0,1,134,326,6411,21,9926,16358,3787,4249,3787,4249,2896,3198,57701,57701,0,0,0,4
2026-27,HARDOI ,451866,605591,3280,5234,3509,5494,151025,675,299246,450946,69831,76342,69821,76328,54000,58267,1286453,1286453,0,0,0,155
2026-27,HATHRAS ,79273,102476,34,65,374,667,24434,67,54041,78542,14800,16713,14795,16707,8817,9609,151123,151123,0,0,0,18
2026-27,JALAUN ,231502,330161,21,43,1008,1316,68103,144,161135,229382,52302,63325,52242,63252,32025,38188,763929,763929,0,0,0,153
2026-27,JAUNPUR ,508219,694102,142,187,2042,2763,179076,102,323419,502597,56064,58521,56042,58497,34950,36293,697464,697464,0,0,0,193
2026-27,JHANSI ,207102,320912,44,97,1366,1836,67667,1478,134233,203378,19635,24161,19500,23991,13512,16168,310133,310133,0,0,0,180
2026-27,KANNAUJ ,154509,199472,43,65,794,1383,43974,85,110378,154437,28725,31499,28725,31500,20122,21503,413325,413325,0,0,0,118
2026-27,KANPUR DEHAT ,178103,225434,46,112,779,1121,57544,208,101999,159751,11295,12232,11259,12190,6606,6984,75893,75893,0,0,0,36
2026-27,KANPUR NAGAR ,124121,166399,1970,3489,247,390,46318,1186,76382,123886,7722,8482,7708,8466,4355,4644,47140,47140,0,0,0,26
2026-27,KASHGANJ ,111633,150843,369,686,746,1401,24363,93,86748,111204,23615,26462,23614,26461,16446,17965,270100,270100,0,0,0,143
2026-27,KAUSHAMBI ,168556,214421,29,40,467,627,62535,106,92058,154699,15263,17087,15263,17087,8917,9718,130860,130860,0,0,0,26
2026-27,KHERI ,553293,763482,18,44,1096,1569,189583,9697,353952,553232,46878,52369,46878,52369,36260,39864,721705,721705,0,0,0,113
2026-27,KUSHI NAGAR ,362858,474395,1700,2981,758,1081,85703,2992,268133,356828,24597,27184,24562,27147,15581,16850,223691,223691,0,0,0,87
2026-27,LALITPUR ,206092,334591,4,29,1381,2564,48032,14677,141731,204440,34206,44755,34175,44688,25926,32438,518746,518746,0,0,0,60
2026-27,LUCKNOW ,124902,169717,473,1171,91,226,71579,432,48659,120670,7773,8393,7773,8393,5486,5796,76156,76156,0,0,0,38
2026-27,MAHARAJGANJ ,356215,496468,24,55,726,1203,71124,1715,283098,355937,42842,47480,42842,47480,28139,30748,467069,467069,0,0,0,79
2026-27,MAHOBA ,99069,162221,2,25,346,536,28361,137,69795,98293,5705,6923,5702,6918,3647,4271,63210,63210,0,0,0,14
2026-27,MAINPURI ,205067,262722,896,1467,1178,1769,51158,387,151963,203508,55559,62146,55496,62073,43081,47254,1174872,1174872,0,0,0,92
2026-27,MATHURA ,130366,170136,85,128,500,550,36637,272,92385,129294,22163,25468,22154,25456,14015,15961,290888,290888,0,0,0,24
2026-27,MAU ,253950,360454,1486,2265,362,706,84241,3438,165599,253278,27910,30916,27907,30911,22463,24604,434533,434533,0,0,0,93
2026-27,MEERUT ,46607,55785,16,27,363,534,18458,140,27220,45818,8127,8927,8126,8924,6790,7354,154641,154641,0,0,0,6
2026-27,MIRZAPUR ,320509,450186,735,1384,1428,1765,115595,3123,174376,293094,22496,26113,22484,26091,14100,15695,224827,224827,0,0,0,53
2026-27,MORADABAD ,198356,264586,30,59,422,591,36429,188,159244,195861,30058,33665,29991,33590,18938,20713,384057,384057,0,0,0,95
2026-27,MUZAFFARNAGAR ,73585,94331,0,9,205,547,19541,147,53891,73579,5974,6820,5974,6820,4399,4922,88472,88472,0,0,0,6
2026-27,PILIBHIT ,280207,411656,2922,5862,1604,2687,46716,858,229013,276587,25959,29735,25892,29654,14216,15693,169699,169699,0,0,0,111
2026-27,PRATAPGARH ,445854,602989,17,64,1122,35278,137490,840,262563,400893,41171,42762,41154,42741,31330,32258,782005,782005,0,0,0,105
2026-27,PRAYAGRAJ ,502632,691065,8,36,4301,5206,195341,377,293336,489054,38005,42952,37951,42889,25114,27686,419024,419024,0,0,0,79
2026-27,RAE BARELI ,337109,479051,481,1006,1346,1937,137643,280,179568,317491,27135,30049,27119,30029,15202,16230,187264,187264,0,0,0,75
2026-27,RAMPUR ,178273,232460,127,227,775,1146,37877,145,138009,176031,43951,49334,43910,49278,32498,35784,814348,814348,0,0,0,63
2026-27,SAHARANPUR ,163608,225298,1681,3004,318,699,73429,305,89586,163320,26419,29666,26405,29647,15163,16302,169987,169987,0,0,0,8
2026-27,SAMBHAL ,155389,189486,218,297,2409,2796,38271,82,108230,146583,20191,21989,20149,21944,11034,11755,137427,137427,0,0,0,10
2026-27,SANT KABEER NAGAR ,252765,318115,604,912,327,394,77402,255,174461,252118,35478,37646,35458,37626,25679,27078,628074,628074,0,0,0,57
2026-27,SANT RAVIDAS NAGAR ,141679,189659,4,11,857,1179,52731,376,86135,139242,10150,11403,10141,11393,6129,6664,77219,77219,0,0,0,8
2026-27,SHAHJAHANPUR ,352755,465200,99,230,1681,2316,87751,168,263860,351779,35504,38865,35458,38816,23703,25591,430713,430713,0,0,0,206
2026-27,SHAMLI ,50789,63162,5,6,191,277,7413,90,41814,49317,2261,2588,2227,2545,1301,1474,25245,25245,0,0,0,8
2026-27,SHRAVASTI ,143947,198086,37,62,241,405,33442,1018,91876,126336,11548,13041,11548,13041,9121,10150,214038,214038,0,0,0,44
2026-27,SIDDHARTH NAGAR ,343134,475984,454,858,432,620,74341,48,268061,342450,35882,37995,35839,37951,21397,22450,364579,364579,0,0,0,51
2026-27,SITAPUR ,753388,1026580,4351,8880,15001,17275,278188,1321,471256,750765,68051,78455,67917,78294,50873,57486,997818,997818,0,0,0,240
2026-27,SONBHADRA ,349834,526845,50,132,2017,3296,93578,90075,159493,343146,40158,48965,40153,48960,23589,27235,355130,355130,0,0,0,130
2026-27,SULTANPUR ,401540,552141,23,42,1244,1586,96578,903,292017,389498,46867,49818,46865,49816,28020,29499,623836,623836,0,0,0,74
2026-27,UNNAO ,292072,387275,436,786,736,1411,99515,624,185607,285746,30297,32489,30287,32479,21942,23143,476916,476916,0,0,0,61
2026-27,VARANASI ,160858,226587,62,101,593,787,49417,1379,108839,159635,11161,12624,11159,12621,7030,7696,92717,92717,0,0,0,34
